PID,Time1,choiceRT,choice made,Time1,choiceRT,choice made
('nigga1', 2, 1.4601268768310547, 3, 2, 1.860323190689087, 4)('niggesh', 2, 1.0599079132080078, 4, 2, 0.8613481521606445, 4)'Nigga2', 2, 3.4602818489074707, 5, 2, 7.32658576965332, 
'niggaRaj', 2, 1.0776901245117188, 3, 2, 0.8435900211334229, 
