PID,Time1,BoredLevel,choiceRT,choice made,Completed,PuzzleTime,Time2,BoredLevel,choiceRT,choice made,Completed,PuzzleTime
'Babua', 1, 3, 1.277534008026123, 2, 0, 0, 2, 4, 1.4944918155670166, 6, 0, 310.8089482784271
'onana', 2, 4, 1.5440289974212646, 2, 1, 0.44620323181152344, 1, 1, 1.8944189548492432, 2, 1, 0.7690820693969727
